direction,train_no,destination_station,service,start_station,start_time,transfer_station,transfer_time,arrival_station,arrival_time,seat
順行,自強102,往:七堵,每日行駛。,3390-員林,05:24,,,,,
順行,區間2120,往:北湖,每日行駛。,3390-員林,05:32,,,,,
順行,自強(3000)472,往:臺東,每日行駛。本列次不發售無座票，非持本班次車票旅客，請勿搭乘。 第6節為騰雲座艙，為本公司公告指定不發售無座位車票之車廂，持當日當次騰雲座艙車票旅客始可搭乘。 持電子票證、定期票及非本次車票請勿搭乘,3390-員林,06:00,,,,,▲ reserved
順行,區間2124,往:北湖,每日行駛。,3390-員林,06:04,,,,,
順行,區間2128,往:銅鑼,每日行駛。,3390-員林,06:23,,,,,
順行,區間2134,往:基隆,每日行駛。,3390-員林,06:40,,,,,
順行,自強270,往:花蓮,每日行駛。,3390-員林,06:49,,,,,
順行,區間快2702,往:彰化,每日行駛。※配合集集線隧道及邊坡改善工程施工，本公司集集站至車埕站間路線停駛，改以公路客運接駁。,3390-員林,06:58,,,,,
順行,區間2138,往:三義,每日行駛。,3390-員林,07:06,,,,,
順行,自強(3000)280,往:花蓮,每日行駛。本列次不發售無座票，非持本班次車票旅客，請勿搭乘。 第6節為騰雲座艙，為本公司公告指定不發售無座位車票之車廂，持當日當次騰雲座艙車票旅客始可搭乘。 持電子票證、定期票及非本次車票請勿搭乘,3390-員林,07:16,,,,,▲ reserved
順行,區間快2004,往:臺中,每日行駛。,3390-員林,07:38,,,,,
順行,區間2518,往:新竹,每日行駛。,3390-員林,07:46,,,2200-大甲,08:48,
順行,區間2144,往:北湖,每日行駛。,3390-員林,07:53,,,,,
順行,自強(3000)108,往:七堵,每日行駛。本班次第6節為騰雲座艙、第9-11節車廂為自由座車廂，非持本班次車票旅客，請勿搭乘。  第6節騰雲座艙，為本公司公告指定不發售無座位車票之車廂，持當日當次騰雲座艙車票旅客始可搭乘。 持電子票證、定期票及非本次車票請勿搭乘,3390-員林,08:03,,,,,▲ reserved
順行,區間3118,往:后里,每日行駛。,3390-員林,08:22,,,,,
順行,自強112,往:基隆,每日行駛。本班次第12車為親子車廂，不發售無座票，非持親子車廂車票旅客，或不符合親子、孕婦身分旅客請勿進入搭乘。乘車時須配合證件正本(如媽媽手冊、可證明孩童年紀等證件)查驗。,3390-員林,08:57,,,2200-大甲,09:48,
順行,區間2154,往:基隆,每日行駛。,3390-員林,09:00,,,,,
順行,區間3128,往:后里,每日行駛。,3390-員林,09:28,,,,,
順行,區間3132,往:北湖,每日行駛。,3390-員林,09:50,,,,,
順行,區間快1006,往:七堵,每日行駛。,3390-員林,10:00,,,2200-大甲,10:49,
順行,自強114,往:七堵,每日行駛。本班次第12車為親子車廂，不發售無座票，非持親子車廂車票旅客，或不符合親子、孕婦身分旅客請勿進入搭乘。乘車時須配合證件正本(如媽媽手冊、可證明孩童年紀等證件)查驗。,3390-員林,10:14,,,,,
順行,區間3138,往:后里,每日行駛。,3390-員林,10:31,,,,,
順行,普悠瑪178,往:松山,每日行駛。本班次不發售無座票，非持本班次車票旅客，請勿搭乘。 持電子票證、定期票及非本次車票請勿搭乘,3390-員林,10:57,,,2200-大甲,11:42,▲ reserved
順行,區間2174,往:瑞芳,每日行駛。,3390-員林,11:02,,,,,
順行,自強(3000)116,往:七堵,每日行駛。本班次第9~11節車廂為自由座車廂，非持本班次車票旅客，請勿搭乘。 持電子票證、定期票及非本次車票請勿搭乘,3390-員林,11:21,,,,,▲ reserved
順行,區間3148,往:后里,逢週六停駛。,3390-員林,11:28,,,,,
順行,區間快2016,往:臺中,每日行駛。,3390-員林,11:49,,,,,
順行,區間2184,往:北湖,每日行駛。,3390-員林,11:58,,,,,
順行,自強118,往:七堵,每日行駛。,3390-員林,12:15,,,,,
順行,自強(3000)120,往:七堵,每日行駛。本班次第6節為騰雲座艙、9-11節車廂為自由座車廂，非持本班次車票旅客，請勿搭乘。 第6節騰雲座艙，為本公司公告指定不發售無座位車票之車廂，持當日當次騰雲座艙車票旅客始可搭乘。 持電子票證、定期票及非本次車票請勿搭乘,3390-員林,12:31,,,2200-大甲,13:16,▲ reserved
順行,區間3158,往:后里,每日行駛。,3390-員林,12:33,,,,,
順行,區間2194,往:基隆,每日行駛。,3390-員林,12:51,,,,,
順行,自強(3000)172,往:七堵,每日行駛。本班次第6節為騰雲座艙、第9-11節車廂為自由座車廂，非持本班次車票旅客，請勿搭乘。  第6節騰雲座艙，為本公司公告指定不發售無座位車票之車廂，持當日當次騰雲座艙車票旅客始可搭乘。 持電子票證、定期票及非本次車票請勿搭乘,3390-員林,13:13,,,,,▲ reserved
順行,區間3168,往:后里,每日行駛。,3390-員林,13:21,,,,,
順行,區間2204,往:北湖,每日行駛。,3390-員林,13:47,,,,,
順行,自強(3000)180,往:七堵,每日行駛。本班次第6節為騰雲座艙、9-11節車廂為自由座車廂，非持本班次車票旅客，請勿搭乘。  第6節騰雲座艙，為本公司公告指定不發售無座位車票之車廂，持當日當次騰雲座艙車票旅客始可搭乘。 持電子票證、定期票及非本次車票請勿搭乘,3390-員林,13:54,,,2200-大甲,14:42,▲ reserved
順行,自強122,往:基隆,每日行駛。本班次第12車為親子車廂，不發售無座票，非持親子車廂車票旅客，或不符合親子、孕婦身分旅客請勿進入搭乘。乘車時須配合證件正本(如媽媽手冊、可證明孩童年紀等證件)查驗。,3390-員林,14:16,,,,,
順行,區間3178,往:后里,每日行駛。,3390-員林,14:36,,,,,
順行,區間2214,往:基隆,每日行駛。,3390-員林,14:46,,,,,
順行,自強176,往:瑞芳,每日行駛。,3390-員林,14:55,,,,,
順行,區間快3010,往:豐原,每日行駛。,3390-員林,15:07,,,,,
順行,區間3188,往:后里,每日行駛。,3390-員林,15:16,,,,,
順行,自強128,往:基隆,每日行駛。,3390-員林,15:33,,,,,
順行,區間2224,往:北湖,每日行駛。,3390-員林,15:41,,,,,
順行,區間3198,往:后里,每日行駛。,3390-員林,16:17,,,,,
順行,區間2234,往:基隆,每日行駛。,3390-員林,16:33,,,,,
順行,自強(3000)194,往:七堵,每日行駛。本班次第6節為騰雲座艙、第9節車廂為自由座車廂，非持本班次車票旅客，請勿搭乘。  第6節騰雲座艙，為本公司公告指定不發售無座位車票之車廂，持當日當次騰雲座艙車票旅客始可搭乘。 持電子票證、定期票及非本次車票請勿搭乘,3390-員林,16:45,,,,,▲ reserved
順行,自強134,往:基隆,每日行駛。,3390-員林,16:48,,,,,
順行,莒光554,往:花蓮,每日行駛。在和平跨日。,3390-員林,17:04,,,2200-大甲,18:03,
順行,區間快2042,往:七堵,每日行駛。,3390-員林,17:18,,,,,
順行,區間3208,往:后里,每日行駛。,3390-員林,17:20,,,,,
順行,自強138,往:七堵,每日行駛。,3390-員林,17:41,,,,,
順行,區間2244,往:北湖,每日行駛。,3390-員林,17:51,,,,,
順行,區間快1038,往:七堵,每日行駛。,3390-員林,18:00,,,2200-大甲,18:57,
順行,自強142,往:七堵,每日行駛。,3390-員林,18:21,,,,,
順行,區間3218,往:后里,每日行駛。,3390-員林,18:28,,,,,
順行,區間2254,往:基隆,每日行駛。,3390-員林,19:01,,,,,
順行,自強(3000)144,往:基隆,每日行駛。本班次第9~11節車廂為自由座車廂，非持本班次車票旅客，請勿搭乘。 持電子票證、定期票及非本次車票請勿搭乘,3390-員林,19:13,,,,,▲ reserved
順行,自強(3000)146,往:七堵,每日行駛。本班次第9~11節車廂為自由座車廂，非持本班次車票旅客，請勿搭乘。 持電子票證、定期票及非本次車票請勿搭乘,3390-員林,19:24,,,2200-大甲,20:12,▲ reserved
順行,區間3228,往:后里,每日行駛。,3390-員林,19:29,,,,,
順行,區間快3028,往:彰化,每日行駛。,3390-員林,19:42,,,,,
順行,自強(3000)168,往:七堵,每日行駛。本列次不發售無座票，非持本班次車票旅客，請勿搭乘。 第6節為騰雲座艙，為本公司公告指定不發售無座位車票之車廂，持當日當次騰雲座艙車票旅客始可搭乘。 持電子票證、定期票及非本次車票請勿搭乘,3390-員林,19:51,,,,,▲ reserved
順行,區間2264,往:北湖,每日行駛。,3390-員林,19:59,,,,,
順行,區間快2072,往:豐原,每日行駛。,3390-員林,20:15,,,,,
順行,區間3238,往:后里,每日行駛。,3390-員林,20:22,,,,,
順行,自強150,往:七堵,每日行駛。本班次第12車為親子車廂，不發售無座票，非持親子車廂車票旅客，或不符合親子、孕婦身分旅客請勿進入搭乘。乘車時須配合證件正本(如媽媽手冊、可證明孩童年紀等證件)查驗。,3390-員林,20:32,,,,,
順行,區間2274,往:北湖,每日行駛。,3390-員林,21:03,,,,,
順行,自強152,往:汐止,每日行駛。在臺北跨日。,3390-員林,21:13,,,,,
順行,自強(3000)386,往:臺中,每日行駛。本列次不發售無座票，非持本班次車票旅客，請勿搭乘。 第6節為騰雲座艙，為本公司公告指定不發售無座位車票之車廂，持當日當次騰雲座艙車票旅客始可搭乘。 持電子票證、定期票及非本次車票請勿搭乘,3390-員林,21:35,,,,,▲ reserved
順行,區間3248,往:新竹,每日行駛。,3390-員林,21:40,,,,,
順行,區間3252,往:新竹,每日行駛。在竹南跨日。,3390-員林,22:04,,,,,
順行,自強(3000)196,往:臺中,每日行駛。本班次第6節為騰雲座艙、9-11節車廂為自由座車廂，非持本班次車票旅客，請勿搭乘。  第6節騰雲座艙，為本公司公告指定不發售無座位車票之車廂，持當日當次騰雲座艙車票旅客始可搭乘。 持電子票證、定期票及非本次車票請勿搭乘,3390-員林,22:22,,,,,▲ reserved
順行,區間快2728,往:彰化,每日行駛。※配合集集線隧道及邊坡改善工程施工，本公司集集站至車埕站間路線停駛，改以公路客運接駁。,3390-員林,22:31,,,,,
順行,區間3262,往:后里,每日行駛。在豐原跨日。,3390-員林,22:58,,,,,
順行,區間2294,往:彰化,每日行駛。,3390-員林,23:08,,,,,
順行,區間3268,往:彰化,每日行駛。,3390-員林,23:32,,,,,